driver_id,total_fare,avg_distance
63,214.70999999999998,25.979999999999997
